{"cameraMode":{"drawMode":0,"name":"Shaded","section":"Shading Mode"},"sceneLighting":true,"audioPlay":false,"sceneViewState":{"showFog":true,"showMaterialUpdate":false,"showSkybox":true,"showFlares":true,"showImageEffects":true,"showParticleSystems":true},"in2DMode":false,"pivot":{"x":535.8313598632813,"y":353.0903625488281,"z":5.395168304443359},"rotation":{"x":0.3053516149520874,"y":0.43027085065841677,"z":-0.1620466709136963,"w":0.8346092104911804},"size":1.9990100860595704,"orthographic":false}