{"cameraMode":{"drawMode":0,"name":"Shaded","section":"Shading Mode"},"sceneLighting":true,"audioPlay":false,"sceneViewState":{"showFog":true,"showMaterialUpdate":false,"showSkybox":true,"showFlares":true,"showImageEffects":true,"showParticleSystems":true},"in2DMode":false,"pivot":{"x":281.66094970703127,"y":179.46585083007813,"z":-53.89332580566406},"rotation":{"x":-0.10522709041833878,"y":-0.1835756003856659,"z":0.020095283165574075,"w":-0.9772456884384155},"size":10.0,"orthographic":false}