{"cameraMode":{"drawMode":0,"name":"Shaded","section":"Shading Mode"},"sceneLighting":true,"audioPlay":false,"sceneViewState":{"showFog":true,"showMaterialUpdate":false,"showSkybox":true,"showFlares":true,"showImageEffects":true,"showParticleSystems":true},"in2DMode":false,"pivot":{"x":1901.2696533203125,"y":-238.22174072265626,"z":404.4070129394531},"rotation":{"x":-0.10091669112443924,"y":-0.6571510434150696,"z":0.08952043950557709,"w":-0.7416283488273621},"size":707.5484008789063,"orthographic":false}