{"cameraMode":{"drawMode":0,"name":"Shaded","section":"Shading Mode"},"sceneLighting":true,"audioPlay":false,"sceneViewState":{"showFog":true,"showMaterialUpdate":false,"showSkybox":true,"showFlares":true,"showImageEffects":true,"showParticleSystems":true},"in2DMode":false,"pivot":{"x":555.1617431640625,"y":120.78668212890625,"z":262.7879943847656},"rotation":{"x":0.2136692851781845,"y":-0.09216521680355072,"z":0.020253047347068788,"w":0.9723401069641113},"size":10.0,"orthographic":false}