{"cameraMode":{"drawMode":0,"name":"Shaded","section":"Shading Mode"},"sceneLighting":true,"audioPlay":false,"sceneViewState":{"showFog":true,"showMaterialUpdate":false,"showSkybox":true,"showFlares":true,"showImageEffects":true,"showParticleSystems":true},"in2DMode":false,"pivot":{"x":7.032417297363281,"y":11.470866203308106,"z":-17.63094711303711},"rotation":{"x":-0.1621665507555008,"y":0.4930207431316376,"z":-0.06972885876893997,"w":-0.8531746864318848},"size":3.2697243690490724,"orthographic":false}