{"cameraMode":{"drawMode":0,"name":"Shaded","section":"Shading Mode"},"sceneLighting":true,"audioPlay":false,"sceneViewState":{"showFog":true,"showMaterialUpdate":false,"showSkybox":true,"showFlares":true,"showImageEffects":true,"showParticleSystems":true},"in2DMode":false,"pivot":{"x":364.681640625,"y":159.74082946777345,"z":952.1332397460938},"rotation":{"x":-0.0070641557686030869,"y":0.18639391660690309,"z":0.0013402230106294156,"w":0.9824492931365967},"size":623.5271606445313,"orthographic":false}