{"cameraMode":{"drawMode":0,"name":"Shaded","section":"Shading Mode"},"sceneLighting":true,"audioPlay":false,"sceneViewState":{"showFog":true,"showMaterialUpdate":false,"showSkybox":true,"showFlares":true,"showImageEffects":true,"showParticleSystems":true},"in2DMode":false,"pivot":{"x":563.0678100585938,"y":125.38611602783203,"z":259.7077331542969},"rotation":{"x":-0.2524031102657318,"y":0.03250258415937424,"z":-0.00848246831446886,"w":-0.9670409560203552},"size":14.860950469970704,"orthographic":false}