{"cameraMode":{"drawMode":0,"name":"Shaded","section":"Shading Mode"},"sceneLighting":false,"audioPlay":false,"sceneViewState":{"showFog":true,"showMaterialUpdate":false,"showSkybox":true,"showFlares":true,"showImageEffects":true,"showParticleSystems":true},"in2DMode":false,"pivot":{"x":1056.015869140625,"y":-460.3516540527344,"z":1289.7481689453125},"rotation":{"x":0.24349290132522584,"y":0.19854065775871278,"z":-0.06150133162736893,"w":0.9480624794960022},"size":831.0914916992188,"orthographic":false}