{"cameraMode":{"drawMode":0,"name":"Shaded","section":"Shading Mode"},"sceneLighting":true,"audioPlay":false,"sceneViewState":{"showFog":true,"showMaterialUpdate":false,"showSkybox":true,"showFlares":true,"showImageEffects":true,"showParticleSystems":true},"in2DMode":false,"pivot":{"x":618.6193237304688,"y":234.44265747070313,"z":80.51858520507813},"rotation":{"x":0.20100894570350648,"y":-0.06760410964488983,"z":0.013551242649555207,"w":0.9773844480514526},"size":2.5990147590637209,"orthographic":false}